GROUP,PACKAGE,CLASS,INSTRUCTION_MISSED,INSTRUCTION_COVERED,BRANCH_MISSED,BRANCH_COVERED,LINE_MISSED,LINE_COVERED,COMPLEXITY_MISSED,COMPLEXITY_COVERED,METHOD_MISSED,METHOD_COVERED
menu-saas-backend,com.menusaas.auth.dto,LoginRequest,0,9,0,0,0,1,0,1,0,1
menu-saas-backend,com.menusaas.auth.dto,AuthResponse,0,6,0,0,0,1,0,1,0,1
menu-saas-backend,com.menusaas.auth.dto,AuthResponse.UserInfo,0,18,0,0,0,1,0,1,0,1
menu-saas-backend,com.menusaas.auth.dto,RegisterRequest,0,18,0,0,0,1,0,1,0,1
menu-saas-backend,com.menusaas.menus.service,PublicMenuService,46,62,0,0,11,15,2,2,2,2
menu-saas-backend,com.menusaas.files.controller,FileController,0,16,0,0,0,3,0,1,0,1
menu-saas-backend,com.menusaas.files.controller,PublicFileController,0,43,0,2,0,8,0,2,0,1
menu-saas-backend,com.menusaas.users.service,UserService,14,172,4,14,1,43,6,13,2,8
menu-saas-backend,com.menusaas.products.service,ProductService,102,107,11,7,19,22,10,8,4,5
menu-saas-backend,com.menusaas.subscriptions.payment,ManualPaymentGateway,5,13,0,0,1,5,1,3,1,3
menu-saas-backend,com.menusaas.subscriptions.payment,PaymentGateway.CheckoutSession,9,0,0,0,1,0,1,0,1,0
menu-saas-backend,com.menusaas.subscriptions.payment,PaymentGatewayConfig,0,22,0,4,0,5,0,4,0,2
menu-saas-backend,com.menusaas.subscriptions.payment,StripePaymentGateway,199,169,21,14,38,42,17,10,3,6
menu-saas-backend,com.menusaas.subscriptions.payment,PaymentGateway.PaymentEvent,0,18,0,0,0,1,0,1,0,1
menu-saas-backend,com.menusaas.categories.controller,CategoryController,6,40,0,0,1,6,1,4,1,4
menu-saas-backend,com.menusaas.categories.dto,CategoryResponse,0,27,0,0,0,1,0,1,0,1
menu-saas-backend,com.menusaas.categories.dto,CategoryRequest,0,15,0,0,0,1,0,1,0,1
menu-saas-backend,com.menusaas.shared.security,SecurityUtils,23,24,5,3,5,6,5,2,1,2
menu-saas-backend,com.menusaas.users.controller,UserController,37,0,2,0,7,0,6,0,5,0
menu-saas-backend,com.menusaas.restaurants.controller,RestaurantController,28,5,0,0,5,1,4,1,4,1
menu-saas-backend,com.menusaas.files.security,SignedUrlService,19,134,6,16,4,27,6,11,0,6
menu-saas-backend,com.menusaas.users.dto,UserResponse,1,48,1,1,0,6,1,2,0,2
menu-saas-backend,com.menusaas.users.dto,CreateUserRequest,0,15,0,0,0,1,0,1,0,1
menu-saas-backend,com.menusaas.auth.controller,AuthController,9,101,1,1,2,18,2,7,1,7
menu-saas-backend,com.menusaas.qr.service,QrCodeService,14,86,0,0,4,20,0,4,0,4
menu-saas-backend,com.menusaas.products.controller,ProductController,40,7,0,0,6,1,4,1,4,1
menu-saas-backend,com.menusaas.subscriptions.dto,PlanResponse,0,18,0,0,0,1,0,1,0,1
menu-saas-backend,com.menusaas.subscriptions.dto,SubscribeResult,0,9,0,0,0,1,0,1,0,1
menu-saas-backend,com.menusaas.subscriptions.dto,SubscriptionRequest,0,6,0,0,0,1,0,1,0,1
menu-saas-backend,com.menusaas.subscriptions.dto,SubscriptionResponse,0,27,0,0,0,1,0,1,0,1
menu-saas-backend,com.menusaas.products.dto,ProductResponse,0,36,0,0,0,1,0,1,0,1
menu-saas-backend,com.menusaas.products.dto,ProductRequest,0,24,0,0,0,1,0,1,0,1
menu-saas-backend,com.menusaas.restaurants.service,RestaurantService,135,49,8,0,31,8,11,3,7,3
menu-saas-backend,com.menusaas,MenuSaaSApplication,5,3,0,0,2,1,1,1,1,1
menu-saas-backend,com.menusaas.config,AppProperties.Jwt,5,25,2,6,1,5,2,3,0,1
menu-saas-backend,com.menusaas.config,SecurityConfig,0,205,0,0,0,33,0,10,0,10
menu-saas-backend,com.menusaas.config,AppProperties.Security,0,15,0,2,0,3,0,2,0,1
menu-saas-backend,com.menusaas.config,AppProperties.Cors,2,13,1,1,0,2,1,2,0,2
menu-saas-backend,com.menusaas.config,AppProperties.Payments,0,9,0,0,0,1,0,1,0,1
menu-saas-backend,com.menusaas.config,OpenApiConfig,0,40,0,0,0,12,0,2,0,2
menu-saas-backend,com.menusaas.config,AppProperties,12,49,4,8,0,8,4,3,0,1
menu-saas-backend,com.menusaas.shared.api,ForbiddenException,0,4,0,0,0,2,0,1,0,1
menu-saas-backend,com.menusaas.shared.api,ResourceNotFoundException,0,4,0,0,0,2,0,1,0,1
menu-saas-backend,com.menusaas.shared.api,GlobalExceptionHandler,74,76,0,2,12,12,10,9,10,8
menu-saas-backend,com.menusaas.shared.api,ConflictException,0,4,0,0,0,2,0,1,0,1
menu-saas-backend,com.menusaas.shared.api,ApiResponse,0,39,0,0,0,4,0,4,0,4
menu-saas-backend,com.menusaas.shared.api,ErrorResponse,0,27,0,0,0,2,0,2,0,2
menu-saas-backend,com.menusaas.shared.api,BadRequestException,0,4,0,0,0,2,0,1,0,1
menu-saas-backend,com.menusaas.auth.security,JwtService,7,119,1,1,1,33,2,5,1,5
menu-saas-backend,com.menusaas.auth.security,CustomUserDetailsService,10,23,0,0,0,6,2,2,2,2
menu-saas-backend,com.menusaas.auth.security,UserPrincipal,1,64,1,1,0,21,1,8,0,8
menu-saas-backend,com.menusaas.auth.security,JwtAuthenticationFilter,16,66,5,5,5,17,4,3,0,2
menu-saas-backend,com.menusaas.auth.security,CookieService,0,151,2,8,0,37,2,12,0,9
menu-saas-backend,com.menusaas.menus.controller,PublicMenuController,0,6,0,0,0,1,0,1,0,1
menu-saas-backend,com.menusaas.categories.service,CategoryService,11,177,2,16,1,31,3,14,1,7
menu-saas-backend,com.menusaas.menus.dto,PublicMenuResponse.CategoryInfo,18,0,0,0,1,0,1,0,1,0
menu-saas-backend,com.menusaas.menus.dto,PublicMenuResponse.ProductInfo,21,0,0,0,1,0,1,0,1,0
menu-saas-backend,com.menusaas.menus.dto,PublicMenuResponse.RestaurantInfo,0,30,0,0,0,1,0,1,0,1
menu-saas-backend,com.menusaas.menus.dto,PublicMenuResponse,0,9,0,0,0,1,0,1,0,1
menu-saas-backend,com.menusaas.qr.controller,QrController,90,0,0,0,19,0,7,0,7,0
menu-saas-backend,com.menusaas.files.service,LocalFileStorageService,100,293,31,30,22,48,22,19,0,9
menu-saas-backend,com.menusaas.files.service,FileStorageService.StoredFile,0,12,0,0,0,1,0,1,0,1
menu-saas-backend,com.menusaas.auth.service,AuthService.AuthResult,0,12,0,0,0,1,0,1,0,1
menu-saas-backend,com.menusaas.auth.service,AuthService,38,290,6,12,5,73,11,15,5,12
menu-saas-backend,com.menusaas.subscriptions.controller,WebhookController,0,41,1,4,0,7,1,3,0,1
menu-saas-backend,com.menusaas.subscriptions.controller,SubscriptionController,0,23,0,0,0,4,0,4,0,4
menu-saas-backend,com.menusaas.restaurants.dto,RestaurantResponse,0,42,0,0,0,1,0,1,0,1
menu-saas-backend,com.menusaas.restaurants.dto,RestaurantRequest,33,0,0,0,1,0,1,0,1,0
menu-saas-backend,com.menusaas.subscriptions.service,SubscriptionService,62,334,8,12,9,89,12,18,4,16
